gene_name;amino_acids;extra_nucleotides
TRBV1*01;CTSSQ;ga
TRBV10-1*01;CASSE;tc
TRBV10-1*02;CASSE;tc
TRBV10-1*04;CASSE;tc
TRBV10-2*01;CASSE;tc
TRBV10-3*01;CAISE;tc
TRBV10-3*02;CAISE;tc
TRBV11-1*01;CASSL;gc
TRBV11-2*01;CASSL;ga
TRBV11-2*02;CASSL;ga
TRBV11-2*03;CASSL;ga
TRBV11-3*01;CASSL;ga
TRBV12-1*01;CASSF;gc
TRBV12-2*01;CASRL;gc
TRBV12-3*01;CASSL;gc
TRBV12-4*01;CASSL;gc
TRBV12-4*02;CASSL;gc
TRBV12-5*01;CASGL;gt
TRBV13*01;CASSL;gg
TRBV14*01;CASSQ;ga
TRBV15*01;CATSR;ga
TRBV15*02;CATSR;ga
TRBV15*03;CATSR;ga
TRBV16*01;CASSQ;tc
TRBV18*01;CASSP;cc
TRBV19*01;CASSI;ga
TRBV2*01;CASSE;gc
TRBV2*03;CASSE;gc
TRBV20-1*01;CSAR;ga
TRBV23-1*01;CASSQ;tc
TRBV24-1*01;CATSDL;tc
TRBV25-1*01;CASSE;ta
TRBV27*01;CASSL;tc
TRBV28*01;CASSL;tg
TRBV29-1*01;CSVE;ga
TRBV29-1*02;CSVE;ga
TRBV3-1*01;CASSQ;ga
TRBV3-1*02;CASSQ;ga
TRBV3-2*01;CASSQ;ga
TRBV3-2*02;CASSQ;ga
TRBV30*01;CAWS;gt
TRBV30*02;CAWS;gt
TRBV30*04;CAWS;gt
TRBV4-1*01;CASSQ;ga
TRBV4-2*01;CASSQ;ga
TRBV4-3*01;CASSQ;ga
TRBV4-3*02;CASSQ;ga
TRBV5-1*01;CASSL;g
TRBV5-3*01;CARSL;g
TRBV5-3*02;CARSL;g
TRBV5-4*01;CASSL;g
TRBV5-4*02;CASSL;g
TRBV5-5*01;CASSL;g
TRBV5-6*01;CASSL;g
TRBV5-7*01;CASSL;g
TRBV5-8*01;CASSL;g
TRBV6-1*01;CASSE;gc
TRBV6-2*01;CASSY;tc
TRBV6-3*01;CASSY;tc
TRBV6-4*01;CASSD;tc
TRBV6-5*01;CASSY;tc
TRBV6-6*01;CASSY;tc
TRBV6-6*02;CASSY;tc
TRBV6-7*01;CASSY;tc
TRBV6-8*01;CASSY;tc
TRBV6-9*01;CASSY;tc
TRBV7-1*01;CASSS;gc
TRBV7-2*01;CASSL;gc
TRBV7-2*02;CASSL;gc
TRBV7-2*03;CTSSL;gc
TRBV7-2*05;CASSL;gc
TRBV7-3*01;CASSL;ac
TRBV7-3*04;CASSL;ac
TRBV7-4*01;CASSL;gc
TRBV7-6*01;CASSL;gc
TRBV7-7*01;CASSL;gc
TRBV7-7*03;CASSL;gc
TRBV7-8*01;CASSL;gc
TRBV7-8*02;CASSL;gc
TRBV7-9*01;CASSL;gc
TRBV7-9*04;CASSL;gc
TRBV7-9*05;CASSL;gc
TRBV7-9*06;CASSL;gc
TRBV7-9*07;CASSL;gc
TRBV9*01;CASSV;g
