gene_name;extra_nucleotides;amino_acids;accession;functionality;partial
TRAJ1*01;g;YESITSQLQF;X02884;ORF; 
TRAJ10*01;;ILTGGGNKLTF;M94081;F; 
TRAJ11*01;tg;NSGYSTLTF;M94081;F; 
TRAJ12*01;gg;MDSSYKLIF;X02885;F; 
TRAJ13*01;tg;NSGGYQKVTF;M94081;F; 
TRAJ13*02;tg;NSGGYQKVTF;AC023226;F; 
TRAJ14*01;;IYSTFIF;M94081;F; 
TRAJ15*01;cc;NQAGTALIF;X05775;F; 
TRAJ15*02;cc;NQAGTALIF;M94081;F; 
TRAJ17*01;tg;IKAAGNKLTF;X05773;F; 
TRAJ18*01;cc;DRGSTLGRLYF;M94081;F; 
TRAJ19*01;gc;YQRFYNFTF;M94081;ORF; 
TRAJ2*01;tg;NTGGTIDKLTF;X02884;ORF; 
TRAJ20*01;gt;SNDYKLSF;M94081;F; 
TRAJ21*01;;YNFNKFYF;M94081;F; 
TRAJ22*01;tt;SSGSARQLTF;X02886;F; 
TRAJ23*01;tg;IYNQGGKLIF;M94081;F; 
TRAJ23*02;tg;IYNQGGKLIF;X58763;F; 
TRAJ24*01;tg;TTDSWGKFEF;X02887;F; 
TRAJ24*02;tg;TTDSWGKLQF;M94081;F; 
TRAJ25*01;ca;EGQGFSFIF;X02888;ORF; 
TRAJ26*01;gg;DNYGQNFVF;M94081;F; 
TRAJ27*01;t;NTNAGKSTF;M94081;F; 
TRAJ28*01;ca;YSGAGSYQLTF;M94081;F; 
TRAJ29*01;gg;NSGNTPLVF;M94081;F; 
TRAJ3*01;g;GYSSASKIIF;X02884;F; 
TRAJ30*01;tg;NRDDKIIF;M94081;F; 
TRAJ31*01;g;NNNARLMF;M14905;F; 
TRAJ32*01;tg;NYGGATNKLIF;M94081;F; 
TRAJ32*02;at;GGATNKLIF;AF532854;(F); 
TRAJ33*01;tg;DSNYQLIW;M94081;F; 
TRAJ34*01;;SYNTDKLIF;M35622;F; 
TRAJ36*01;t;QTGANNLFF;M94081;F; 
TRAJ37*01;t;GSGNTGKLIF;M94081;F; 
TRAJ37*02;t;GSSNTGKLIF;AJ007774;(F); 
TRAJ38*01;t;NAGNNRKLIW;M94081;F; 
TRAJ39*01;tg;NNNAGNMLTF;M94081;F; 
TRAJ4*01;tg;FSGGYNKLIF;M94081;F; 
TRAJ40*01;;TTSGTYKYIF;M35620;F; 
TRAJ41*01;g;NSNSGYALNF;M94081;F; 
TRAJ42*01;tg;NYGGSQGNLIF;M94081;F; 
TRAJ43*01;ac;NNNDMRF;M94081;F; 
TRAJ44*01;ta;NTGTASKLTF;M35619;F; 
TRAJ45*01;tg;YSGGGADGLTF;M94081;F; 
TRAJ46*01;ag;KKSSGDKLTF;M94081;F; 
TRAJ47*01;tg;EYGNKLVF;M94081;F; 
TRAJ47*02;tg;EYGNKLVF;AF033825;(F); 
TRAJ48*01;ta;SNFGNEKLTF;M94081;F; 
TRAJ49*01;g;NTGNQFYF;M94081;F; 
TRAJ5*01;tg;DTGRRALTF;M94081;F; 
TRAJ50*01;tg;KTSYDKVIF;M94081;F; 
TRAJ52*01;ct;NAGGTSYGKLTF;M94081;F; 
TRAJ53*01;ag;NSGGSNYKLTF;M94081;F; 
TRAJ54*01;ta;IQGAQKLVF;M94081;F; 
TRAJ57*01;ta;TQGGSEKLVF;M94081;F; 
TRAJ58*01;tt;*ETSGSRLTF;M94081;ORF; 
TRAJ59*01;gg;KEGNRKFTF;M94081;ORF; 
TRAJ6*01;t;ASGGSYIPTF;M16747;F; 
TRAJ60*01;tg;KIT*MLNF;M94081;P; 
TRAJ8*01;tg;NTGFQKLVF;M94081;F; 
TRAJ9*01;;GNTGGFKTIF;M94081;F; 
